[{"fname":"jay ","lname":"dave","age":"21","phonenumber":"58234923458","email":"jay@gmail.com","gender":"male","hobbie":["reading","playing","writing"],"address":"ahmedabad","id":1},{"fname":"hardik","lname":"erda","age":"21","phonenumber":"5034705430","email":"hardik","address":"","id":2},{"fname":"yash","lname":"patel","age":"21","phonenumber":"9939809645","email":"yash@gmail.com","gender":"male","hobbie":["singing","reading","playing"],"address":"junagadh","id":3},{"fname":"shivam","lname":"rana","age":"22","phonenumber":"9939492343","email":"shivam@gmail.com","gender":"male","hobbie":["singing","reading","playing"],"address":"Baroda","id":4},{"fname":"Bbhavik","lname":"sdfsd","age":"13","phonenumber":"44","email":"","address":"","id":5}]